_RAJ2000,_DEJ2000,Group,Gal,RAJ2000,DEJ2000,zmemb,gmemb,FUV,NUV,Simbad
4.604,-42.1265,7,1,00 18 24.96,-42 07 35.4,0.0,,20.1586,19.8188,Simbad
4.6105,-42.1378056,7,2,00 18 26.52,-42 08 16.1,0.093258,,20.1218,19.7196,Simbad
4.6214167,-42.1213056,7,3,00 18 29.14,-42 07 16.7,0.0,,20.2155,20.2165,Simbad
4.644,-42.1246111,7,4,00 18 34.56,-42 07 28.6,0.0,,20.3146,19.6408,Simbad
