X_IMAGE,Y_IMAGE,ALPHAPEAK_J2000,DELTAPEAK_J2000,ALPHA_SKY,DELTA_SKY,FLUX_RADIUS,KRON_RADIUS,FLAGS,FLUX_APER,FLUXERR_APER,ELONGATION,THETA_IMAGE,MAG_AUTO,MAGERR_AUTO,SNR_WIN,brickid,brickname,objid,type,ra,dec,ebv,flux_g,flux_r,flux_i,flux_z,psfsize_g,psfsize_r,psfsize_i,psfsize_z,sersic,sersic_ivar,shape_r,shape_r_ivar,shape_e1,shape_e1_ivar,shape_e2,shape_e2_ivar,mag_g,mag_r,mag_i,mag_z,mag_w1,mag_w2,mag_w3,mag_w4,g_r,r_i,r_z,i_z,_RAJ2000,_DEJ2000,Group,Gal,RAJ2000,DEJ2000,zmemb,gmemb,FUV,NUV,Simbad,Separation
497.3703,736.9375,0.3584351,13.113021,0.3589304,13.1125069,26.036,3.5,0,40.87334,0.03954367,1.616,47.01,13.3275,0.0003,6701.0,404689,0003p130,4495,DUP,0.3587273382901289,13.11244513656859,0.08077177,0.0,0.0,0,0.0,1.5825707,1.2880095,0,1.4925475,0.0,0.0,0.0,0.0,0.0,0.0,0.0,0.0,inf,inf,inf,inf,inf,inf,inf,inf,,,,,0.35925,13.1125278,2,3,00 01 26.22,+13 06 45.1,0.017532,,17.1312,16.6332,Simbad,1.856528670391669
841.0897,719.9796,0.3331774,13.1112789,0.3332454,13.1112774,23.914,3.5,0,848.7764,0.03946337,2.039,-9.26,11.6783,0.0001,32470.0,404689,0003p130,4494,DUP,0.3331994716833093,13.11123683829803,0.08060997,0.0,0.0,0,0.0,1.5825707,1.2880095,0,1.4925475,0.0,0.0,0.0,0.0,0.0,0.0,0.0,0.0,inf,inf,inf,inf,inf,inf,inf,inf,,,,,0.333625,13.1111944,2,2,00 01 20.07,+13 06 40.3,0.017899,,16.7561,16.2019,Simbad,1.4997695274175498
1113.7996,744.6437,0.3130762,13.1132458,0.312867,13.1130743,22.303,3.5,2,25.83519,0.03954367,3.014,-39.16,14.6472,0.0007,2265.0,404689,0003p130,910,SER,0.3129815262621921,13.11314170389291,0.08065711,265.1013,444.5779,0,644.8338,1.5809548,1.3426262,0,1.5098474,1.0687332,373129.8,9.556523,44885.47,-0.1056844,7462593.0,0.58465093,14950313.0,16.441471,15.880131,inf,15.47638,16.136421,16.660906,15.554382,16.187887,0.56134033,inf,0.40375042,inf,0.3132083,13.1134167,2,1,00 01 15.17,+13 06 48.3,0.018646,,18.5922,18.186,Simbad,1.2697445983097178
301.7821,545.9267,0.3736749,13.0987527,0.3735417,13.0986018,24.1,5.34,3,3.529763,0.03950354,1.663,61.32,16.2786,0.004,514.0,404689,0003p130,1972,SER,0.3732407814035215,13.09852691955251,0.08053331,96.03273,136.64732,0,167.82423,1.5825707,1.2880095,0,1.4925475,0.6900727,115520.11,8.0724945,11882.092,-0.041387293,501559.3,-0.2330424,1279131.4,17.543951,17.160997,inf,16.937862,17.898212,18.694412,,,0.38295364,inf,0.223135,inf,0.373,13.0985833,2,4,00 01 29.52,+13 05 54.9,0.0,,19.281,19.2182,Simbad,0.8683154212137514
