X_IMAGE,Y_IMAGE,ALPHAPEAK_J2000,DELTAPEAK_J2000,ALPHA_SKY,DELTA_SKY,FLUX_RADIUS,KRON_RADIUS,FLAGS,FLUX_APER,FLUXERR_APER,ELONGATION,THETA_IMAGE,MAG_AUTO,MAGERR_AUTO,SNR_WIN,brickid,brickname,objid,type,ra,dec,ebv,flux_g,flux_r,flux_i,flux_z,psfsize_g,psfsize_r,psfsize_i,psfsize_z,sersic,sersic_ivar,shape_r,shape_r_ivar,shape_e1,shape_e1_ivar,shape_e2,shape_e2_ivar,mag_g,mag_r,mag_i,mag_z,mag_w1,mag_w2,mag_w3,mag_w4,g_r,r_i,r_z,i_z,_RAJ2000,_DEJ2000,Group,Gal,RAJ2000,DEJ2000,zmemb,gmemb,FUV,NUV,Simbad,Separation
518.5081,473.9529,352.3893434,-32.4484132,352.3892995,-32.4483439,12.3,3.5,0,48.53571,0.04997833,1.588,56.05,15.2299,0.001,1932.0,154116,3524m325,1108,SER,352.389367184466,-32.44844962763192,0.016612513,148.90689,324.13187,464.44458,568.37964,1.6085116,1.1878489,1.4102561,2.3124604,3.418565,48424.25,6.2993126,37145.938,0.14989248,2023514.0,-0.34894755,2963558.8,17.067713,16.223196,15.832665,15.613403,15.818763,16.217337,15.237005,15.098486,0.84451675,0.3905306,0.6097927,0.21926212,352.389,-32.4481111,215,4,23 29 33.36,-32 26 53.2,0.1247,,19.9494,19.4422,Simbad,1.6521335513744237
769.9526,484.7371,352.36761,-32.4476224,352.367614,-32.4475688,9.683,3.5,0,37.37209,0.05018274,1.696,-77.03,15.6101,0.0011,1694.0,154116,3524m325,759,EXP,352.3669590000344,-32.44754306333219,0.016654084,4.140017,4.61049,5.1588564,4.1542697,1.6085116,1.1878489,1.4181235,2.3124604,1.0,0.0,0.78929174,25777.39,0.7737052,23946.047,0.29828483,24643.592,20.957495,20.840631,20.718616,20.953764,,,,14.245999,0.11686325,0.122015,-0.11313248,-0.23514748,352.367,-32.4476111,215,1,23 29 28.08,-32 26 51.4,0.1242,,19.5062,19.1521,Simbad,0.27478378456504543
725.0834,761.5386,352.3715659,-32.4273887,352.3714725,-32.4274223,10.814,3.8,0,10.86364,0.04997833,1.343,-13.7,16.6054,0.0031,611.6,154116,3524m325,834,SER,352.3715011013849,-32.427391174955,0.016606642,48.018597,79.14436,102.78464,113.89865,1.6085116,1.1878489,1.414024,2.3124604,0.9377649,33717.04,2.9978848,49798.348,-0.08396268,566166.44,0.04617835,372139.38,18.296476,17.75395,17.470179,17.358704,17.499016,17.634382,15.521065,14.149123,0.54252625,0.2837715,0.3952465,0.11147499,352.371,-32.4273056,215,2,23 29 29.04,-32 25 38.3,0.1241,,20.262,20.067,Simbad,1.5535284417455024
