X_IMAGE,Y_IMAGE,ALPHAPEAK_J2000,DELTAPEAK_J2000,ALPHA_SKY,DELTA_SKY,FLUX_RADIUS,KRON_RADIUS,FLAGS,FLUX_APER,FLUXERR_APER,ELONGATION,THETA_IMAGE,MAG_AUTO,MAGERR_AUTO,SNR_WIN,brickid,brickname,objid,type,ra,dec,ebv,flux_g,flux_r,flux_i,flux_z,psfsize_g,psfsize_r,psfsize_i,psfsize_z,sersic,sersic_ivar,shape_r,shape_r_ivar,shape_e1,shape_e1_ivar,shape_e2,shape_e2_ivar,mag_g,mag_r,mag_i,mag_z,mag_w1,mag_w2,mag_w3,mag_w4,g_r,r_i,r_z,i_z,_RAJ2000,_DEJ2000,Group,Gal,RAJ2000,DEJ2000,zmemb,gmemb,FUV,NUV,Simbad,Separation
508.0808,643.8872,334.5285082,-25.6892436,334.5289861,-25.6890334,30.234,5.73,2,5.566112,0.07613163,1.654,-10.91,15.3557,0.004,455.4,188100,3346m257,118,PSF,334.5284356228768,-25.68926201045797,0.021326184,0.0,0,3.2571044,3.6046135,0.0,0,1.3645867,1.0341287,0.0,0.0,0.0,0.0,0.0,0.0,0.0,0.0,inf,inf,21.21792,21.107853,,,,15.971299,,inf,inf,0.11006737,334.528,-25.6893056,198,3,22 18 06.72,-25 41 21.5,0.009126,,17.1501,16.9094,Simbad,1.4219197867079576
761.4716,606.2488,334.50848,-25.6917219,334.5085227,-25.6917766,10.543,5.06,0,5.925661,0.07628717,1.625,-5.38,17.4831,0.0097,182.7,188099,3343m257,3519,SER,334.5085148887451,-25.69175273265285,0.021210745,0.0,0,112.66677,0.0,0.0,0,1.3546579,0.0,1.2602938,3641.2905,3.8710456,7563.1104,-0.31199518,64182.754,0.033067197,58052.164,inf,inf,17.37051,inf,17.801008,18.508606,15.904723,,,inf,,inf,334.508,-25.6918889,198,2,22 18 01.92,-25 41 30.8,0.0907,,20.1778,19.5425,Simbad,1.7407957027623224
1006.5737,556.9124,334.4888548,-25.695362,334.4887277,-25.6953684,7.492,4.37,0,8.60628,0.07628717,1.484,-26.09,17.3766,0.007,278.8,188099,3343m257,3267,PSF,334.4881763011416,-25.69512825316072,0.020956185,0.0,0,1.4661049,0.0,0.0,0,1.3546579,0.0,0.0,0.0,0.0,0.0,0.0,0.0,0.0,0.0,inf,inf,22.084587,inf,21.241585,22.265923,18.034725,,,inf,,inf,334.488,-25.6951944,198,1,22 17 57.12,-25 41 42.7,0.0901,,19.6217,19.3834,Simbad,0.6195164216586948
447.5985,944.8218,334.5337494,-25.6671177,334.5338626,-25.6671306,4.975,3.73,0,25.7446,0.07644238,1.55,3.67,17.2248,0.0043,489.7,188100,3346m257,211,SER,334.5342549875871,-25.66724743330755,0.02135314,4.2193685,0,11.784619,15.323259,1.6774279,0,2.0339153,1.0341287,0.85314333,88.65901,5.1219077,4247.6006,-0.2839087,3686.6367,0.49196917,13072.74,20.936882,inf,19.82171,19.536623,20.842384,,18.975735,14.315928,inf,inf,inf,0.2850876,334.534,-25.6671944,198,4,22 18 08.16,-25 40 01.9,0.0837,,20.1323,20.1117,Simbad,0.8491180917861779
