X_IMAGE,Y_IMAGE,ALPHAPEAK_J2000,DELTAPEAK_J2000,ALPHA_SKY,DELTA_SKY,FLUX_RADIUS,KRON_RADIUS,FLAGS,FLUX_APER,FLUXERR_APER,ELONGATION,THETA_IMAGE,MAG_AUTO,MAGERR_AUTO,SNR_WIN,brickid,brickname,objid,type,ra,dec,ebv,flux_g,flux_r,flux_i,flux_z,psfsize_g,psfsize_r,psfsize_i,psfsize_z,sersic,sersic_ivar,shape_r,shape_r_ivar,shape_e1,shape_e1_ivar,shape_e2,shape_e2_ivar,mag_g,mag_r,mag_i,mag_z,mag_w1,mag_w2,mag_w3,mag_w4,g_r,r_i,r_z,i_z,_RAJ2000,_DEJ2000,Group,Gal,RAJ2000,DEJ2000,zmemb,gmemb,FUV,NUV,Simbad,Separation
785.2373,911.4338,314.659878,-48.5411261,314.6599619,-48.5410945,17.811,3.5,0,36.36472,0.03351033,4.545,22.23,15.0051,0.0006,2415.0,83841,3147m485,4081,SER,314.6599590727831,-48.54114227794305,0.035982043,139.09857,312.87546,459.1639,589.54126,1.4747154,1.2371063,1.2229809,1.174269,0.8790217,730600.9,8.480694,1767444.0,-0.5302717,40915756.0,-0.5313313,41131132.0,17.141693,16.261572,15.84508,15.573714,15.530194,16.005468,14.907034,,0.88012123,0.4164915,0.6878576,0.27136612,314.66,-48.5406944,187,2,20 58 38.40,-48 32 26.5,0.0,,19.7344,19.353,Simbad,1.6153088692195803
818.1379,674.8056,314.6563717,-48.5583027,314.6563565,-48.5583169,13.37,3.5,0,72.76548,0.0335443,2.523,32.06,14.8085,0.0005,3846.0,83841,3147m485,3968,SER,314.6563806592251,-48.5582969873645,0.03630866,183.43289,402.75348,563.4408,700.89746,1.4456997,1.2289171,1.1894294,1.2874643,1.5728613,452151.53,5.5525823,322545.7,-0.21730092,16903322.0,-0.41818428,23739576.0,16.841307,15.987402,15.622879,15.385864,15.599033,16.100025,15.320501,14.64178,0.8539047,0.36452293,0.6015377,0.23701477,314.656,-48.5581944,187,1,20 58 37.44,-48 33 29.5,0.0,,20.1216,19.3219,Simbad,0.9793004552824744
