X_IMAGE,Y_IMAGE,ALPHAPEAK_J2000,DELTAPEAK_J2000,ALPHA_SKY,DELTA_SKY,FLUX_RADIUS,KRON_RADIUS,FLAGS,FLUX_APER,FLUXERR_APER,ELONGATION,THETA_IMAGE,MAG_AUTO,MAGERR_AUTO,SNR_WIN,brickid,brickname,objid,type,ra,dec,ebv,flux_g,flux_r,flux_i,flux_z,psfsize_g,psfsize_r,psfsize_i,psfsize_z,sersic,sersic_ivar,shape_r,shape_r_ivar,shape_e1,shape_e1_ivar,shape_e2,shape_e2_ivar,mag_g,mag_r,mag_i,mag_z,mag_w1,mag_w2,mag_w3,mag_w4,g_r,r_i,r_z,i_z,_RAJ2000,_DEJ2000,Group,Gal,RAJ2000,DEJ2000,zmemb,gmemb,FUV,NUV,Simbad,Separation
754.1722,724.0915,215.4999618,28.869219,215.5000306,28.8691529,28.844,3.65,2,9.477878,0.0380384,1.202,59.83,15.4793,0.002,872.5,490146,2154p287,2929,SER,215.4999678224083,28.86918226815317,0.014183112,191.01068,314.47617,0,445.7314,1.7269614,1.3547609,0,1.2893732,1.5612135,36404.79,12.40177,3742.2515,0.06800472,519452.78,-0.084027834,572533.8,16.797356,16.256031,inf,15.877316,16.679434,17.35378,16.115383,,0.5413246,inf,0.37871456,inf,215.5003333,28.8685833,157,1,14 22 00.08,+28 52 06.9,0.0,,19.4943,18.9372,Simbad,2.4448223185462603
723.2712,654.1849,215.5024585,28.8639803,215.5026021,28.8640666,18.769,3.59,2,13.50828,0.0381549,6.174,-42.69,16.0759,0.0017,764.2,490146,2154p287,2974,SER,215.5025057406916,28.863960761391,0.014094932,82.82476,119.0201,0,158.76862,1.7269614,1.3547609,0,1.2893732,0.7823655,43241.72,8.951671,6601.608,-0.08046596,3208991.2,0.83587825,4799532.0,17.7046,17.31095,inf,16.998089,17.724745,18.22803,17.52906,15.203578,0.39365005,inf,0.3128605,inf,215.5028333,28.8643333,157,3,14 22 00.68,+28 51 51.6,0.029579,,19.8143,19.2128,Simbad,1.6926772137132995
546.3974,688.9249,215.5173323,28.8666072,215.5172993,28.8666017,4.301,3.5,0,30.50758,0.03811611,1.044,-6.36,17.1995,0.0019,1154.0,490146,2154p287,3233,REX,215.5173209036256,28.86660178776914,0.014121515,37.063766,43.749466,0,47.366627,1.7269614,1.3547609,0,1.2893732,1.0,0.0,0.7048674,320689.0,0.0,0.0,0.0,0.0,18.577625,18.397568,inf,18.31132,19.020187,19.674665,20.412743,,0.18005753,inf,0.0862484,inf,215.5175,28.8667222,157,4,14 22 04.20,+28 52 00.2,0.0354,,19.5114,19.5162,Simbad,0.7118428807281677
