X_IMAGE,Y_IMAGE,ALPHAPEAK_J2000,DELTAPEAK_J2000,ALPHA_SKY,DELTA_SKY,FLUX_RADIUS,KRON_RADIUS,FLAGS,FLUX_APER,FLUXERR_APER,ELONGATION,THETA_IMAGE,MAG_AUTO,MAGERR_AUTO,SNR_WIN,brickid,brickname,objid,type,ra,dec,ebv,flux_g,flux_r,flux_i,flux_z,psfsize_g,psfsize_r,psfsize_i,psfsize_z,sersic,sersic_ivar,shape_r,shape_r_ivar,shape_e1,shape_e1_ivar,shape_e2,shape_e2_ivar,mag_g,mag_r,mag_i,mag_z,mag_w1,mag_w2,mag_w3,mag_w4,g_r,r_i,r_z,i_z,_RAJ2000,_DEJ2000,Group,Gal,RAJ2000,DEJ2000,zmemb,gmemb,FUV,NUV,Simbad,Separation
927.555,754.405,322.2919354,-31.0237755,322.2923979,-31.0236007,7.753,3.5,0,62.51478,0.02907475,2.295,-20.83,14.5223,0.0003,13260.0,161384,3222m310,2588,SER,322.2946328156277,-31.02284519271748,0.05115264,104.52335,0,192.75833,0,1.5291852,0,1.6508942,0,0.54582775,77854.625,4.200543,31720.965,-0.10150777,802729.4,-0.041231465,386977.94,17.451967,inf,16.787468,inf,17.276234,17.975563,18.274693,15.013217,inf,inf,,inf,322.294,-31.0228889,191,1,21 29 10.56,-31 01 22.4,0.0,,19.5883,18.9734,Simbad,1.958605971359962
657.5656,753.6401,322.315375,-31.0237126,322.315327,-31.023666,4.252,3.5,0,27.45129,0.02907475,1.578,19.2,17.3606,0.0017,1308.0,161384,3222m310,2918,EXP,322.3153191511885,-31.02367979811417,0.05108332,0.0,0,24.703775,0,0.0,0,1.3507676,0,1.0,0.0,1.0680416,23018.684,-0.47190568,24443.21,-0.35756612,24496.973,inf,inf,19.018091,inf,17.0209,16.648733,14.810129,,,inf,,inf,322.315,-31.0235,191,2,21 29 15.60,-31 01 24.6,0.0,,19.9817,19.2947,Simbad,1.1782985423030379
624.153,680.4498,322.3180904,-31.0289535,322.3181623,-31.0289935,6.776,3.5,0,11.00702,0.02907475,1.483,-58.11,17.468,0.0025,758.6,161384,3222m310,2964,EXP,322.3181191668331,-31.02895929460352,0.051160417,0.0,0,102.88535,0,0.0,0,1.3507676,0,1.0,0.0,1.9418374,30699.062,0.12846796,125615.05,0.19884038,165903.61,inf,inf,17.469116,inf,17.77803,18.290398,15.948809,,,inf,,inf,322.318,-31.029,191,3,21 29 16.32,-31 01 44.4,0.0,,19.1556,18.8756,Simbad,0.3957442065761111
558.7377,545.2673,322.3235224,-31.03878,322.3237145,-31.0388334,9.685,3.65,0,6.902174,0.02895656,1.451,-2.57,17.4767,0.0034,545.0,161384,3222m310,3045,SER,322.3234749744349,-31.03881110377744,0.051328797,81.46772,0,94.63111,0,0.0,0,1.3507676,0,1.277346,4243.4043,2.4966133,60000.582,-0.18171135,185174.02,-0.09810825,128463.62,17.722536,inf,17.559916,inf,17.838354,18.016827,16.113998,,inf,inf,,inf,322.324,-31.0386111,191,4,21 29 17.76,-31 02 19.0,0.0,,19.9522,19.6443,Simbad,1.7723128864832862
