X_IMAGE,Y_IMAGE,ALPHAPEAK_J2000,DELTAPEAK_J2000,ALPHA_SKY,DELTA_SKY,FLUX_RADIUS,KRON_RADIUS,FLAGS,FLUX_APER,FLUXERR_APER,ELONGATION,THETA_IMAGE,MAG_AUTO,MAGERR_AUTO,SNR_WIN,brickid,brickname,objid,type,ra,dec,ebv,flux_g,flux_r,flux_i,flux_z,psfsize_g,psfsize_r,psfsize_i,psfsize_z,sersic,sersic_ivar,shape_r,shape_r_ivar,shape_e1,shape_e1_ivar,shape_e2,shape_e2_ivar,mag_g,mag_r,mag_i,mag_z,mag_w1,mag_w2,mag_w3,mag_w4,g_r,r_i,r_z,i_z,_RAJ2000,_DEJ2000,Group,Gal,RAJ2000,DEJ2000,zmemb,gmemb,FUV,NUV,Simbad,Separation
1020.2943,491.2463,338.0578847,-25.4533549,338.0579415,-25.4534098,17.35,3.69,0,88.94218,0.06581485,1.771,1.63,14.5889,0.001,1908.0,189414,3380m255,5945,DUP,338.057883557289,-25.45337815863833,0.026153285,0.0,0,0.0,0.0,1.6099815,0,1.3552371,1.3196504,0.0,0.0,0.0,0.0,0.0,0.0,0.0,0.0,inf,inf,inf,inf,inf,inf,inf,inf,,,,,338.058,-25.4531944,204,1,22 32 13.92,-25 27 11.5,0.0621,,19.0711,18.7746,Simbad,0.7621610897305232
771.6749,562.4661,338.0778756,-25.4482678,338.0779825,-25.4482339,13.867,3.5,0,15.2742,0.06581485,3.123,-0.64,16.1337,0.0028,549.0,189414,3380m255,4394,SER,338.077933941519,-25.44826101628676,0.026364917,90.93266,0,147.76482,165.23714,1.6802243,0,1.3754344,1.2713063,1.1405926,43736.79,6.6145587,14932.195,-0.57025015,1690216.5,0.020488052,817720.7,17.6032,inf,17.076073,16.954731,17.710657,18.224459,16.650751,16.127886,inf,inf,inf,0.12134171,338.078,-25.448,204,2,22 32 18.72,-25 26 52.8,0.0,,19.201,18.8873,Simbad,0.9638829150224316
609.4369,819.5508,338.0910179,-25.4294945,338.0910633,-25.4295272,19.926,3.5,2,76.48188,0.06621821,1.127,23.94,13.9832,0.0007,2881.0,189414,3380m255,5946,DUP,338.0910084246492,-25.42946471467037,0.026782347,0.0,0,0.0,0.0,1.6802243,0,1.3754344,1.2713063,0.0,0.0,0.0,0.0,0.0,0.0,0.0,0.0,inf,inf,inf,inf,inf,inf,inf,inf,,,,,338.091,-25.4293889,204,3,22 32 21.84,-25 25 45.8,0.032159,,19.5445,18.8831,Simbad,0.2743037567502195
343.9566,863.1721,338.1124538,-25.4263679,338.1124573,-25.4263554,17.649,3.5,2,238.7911,0.06615116,1.891,72.13,13.3757,0.0004,5627.0,189414,3380m255,5005,SER,338.1124436370977,-25.42637314902058,0.026670478,686.57086,0,2121.4746,2831.5903,1.6787391,0,1.3768654,1.2713063,3.0409365,379937.38,9.860866,1540546.9,0.41284937,41302784.0,-0.27447692,21735850.0,15.408287,inf,14.183406,13.869924,14.029483,14.366267,12.687916,11.355684,inf,inf,inf,0.31348228,338.112,-25.4261111,204,4,22 32 26.88,-25 25 34.0,0.0363,,19.4009,18.8112,Simbad,1.7235046994540586
