X_IMAGE,Y_IMAGE,ALPHAPEAK_J2000,DELTAPEAK_J2000,ALPHA_SKY,DELTA_SKY,FLUX_RADIUS,KRON_RADIUS,FLAGS,FLUX_APER,FLUXERR_APER,ELONGATION,THETA_IMAGE,MAG_AUTO,MAGERR_AUTO,SNR_WIN,brickid,brickname,objid,type,ra,dec,ebv,flux_g,flux_r,flux_i,flux_z,psfsize_g,psfsize_r,psfsize_i,psfsize_z,sersic,sersic_ivar,shape_r,shape_r_ivar,shape_e1,shape_e1_ivar,shape_e2,shape_e2_ivar,mag_g,mag_r,mag_i,mag_z,mag_w1,mag_w2,mag_w3,mag_w4,g_r,r_i,r_z,i_z,_RAJ2000,_DEJ2000,Group,Gal,RAJ2000,DEJ2000,zmemb,gmemb,FUV,NUV,Simbad,Separation
838.4659,419.5899,238.6554893,30.1053299,238.655366,30.1053001,13.285,3.5,0,26.73759,0.05167734,2.492,-21.87,15.772,0.0017,1036.0,496510,2386p300,4681,DUP,238.6554753137198,30.10530962117303,0.033461966,0.0,0.0,0,0.0,1.5732147,1.5235014,0,1.163653,0.0,0.0,0.0,0.0,0.0,0.0,0.0,0.0,inf,inf,inf,inf,inf,inf,inf,inf,,,,,238.6549583,30.1054167,177,1,15 54 37.19,+30 06 19.5,0.085506,,19.7042,19.4112,Simbad,1.6556756421865924
651.3051,825.9493,238.6710433,30.1350278,238.6711019,30.1348786,13.794,3.79,0,12.29594,0.0513084,1.242,79.84,16.384,0.0032,578.9,497758,2387p302,382,SER,238.6710601149368,30.13499826326378,0.034310017,101.76126,154.69403,0,205.92807,1.593094,1.5260826,0,1.152034,2.621869,18625.97,7.848544,4572.6006,0.13821426,545820.5,-0.056604467,251895.06,17.481043,17.026316,inf,16.715712,17.792461,18.582815,19.043926,14.181405,0.45472717,inf,0.3106041,inf,238.6707917,30.1350833,177,3,15 54 40.99,+30 08 06.3,0.0,,19.4057,18.9346,Simbad,0.8900007012611594
454.7234,821.7173,238.6876212,30.134594,238.6876445,30.1345734,11.189,4.77,1,7.796745,0.0516248,2.403,-65.73,17.5287,0.007,254.7,497758,2387p302,657,PSF,238.6868842584417,30.13378005251077,0.034342714,0.45424688,0.37328184,0,0.3988854,1.593094,1.5260826,0,1.152034,0.0,0.0,0.0,0.0,0.0,0.0,0.0,0.0,23.35677,23.569908,inf,23.497879,22.610937,21.281239,,,-0.21313858,inf,0.072029114,inf,238.6870833,30.1339444,177,4,15 54 44.90,+30 08 02.2,0.0,,20.0621,20.0357,Simbad,0.8567923355615737
787.6266,684.1462,238.6597716,30.1243992,238.6596347,30.1245553,9.839,3.5,0,43.08508,0.05167734,1.568,30.96,15.5631,0.0012,1705.0,496510,2386p300,3213,SER,238.6597598511432,30.12442960864697,0.03394277,161.99564,238.18253,0,334.72525,1.5732147,1.5235014,0,1.163653,4.953643,11661.883,13.624,167078.22,-0.43991306,560610.3,-0.05315723,611685.25,16.976242,16.557726,inf,16.188278,19.213564,,16.224617,,0.41851616,inf,0.3694477,inf,238.6595,30.1246667,177,2,15 54 38.28,+30 07 28.8,0.080229,,19.011,18.7481,Simbad,1.176087540399125
