X_IMAGE,Y_IMAGE,ALPHAPEAK_J2000,DELTAPEAK_J2000,ALPHA_SKY,DELTA_SKY,FLUX_RADIUS,KRON_RADIUS,FLAGS,FLUX_APER,FLUXERR_APER,ELONGATION,THETA_IMAGE,MAG_AUTO,MAGERR_AUTO,SNR_WIN,brickid,brickname,objid,type,ra,dec,ebv,flux_g,flux_r,flux_i,flux_z,psfsize_g,psfsize_r,psfsize_i,psfsize_z,sersic,sersic_ivar,shape_r,shape_r_ivar,shape_e1,shape_e1_ivar,shape_e2,shape_e2_ivar,mag_g,mag_r,mag_i,mag_z,mag_w1,mag_w2,mag_w3,mag_w4,g_r,r_i,r_z,i_z,_RAJ2000,_DEJ2000,Group,Gal,RAJ2000,DEJ2000,zmemb,gmemb,FUV,NUV,Simbad,Separation
869.0807,850.8731,343.5306345,-18.1452357,343.5306283,-18.1452449,2.68,3.5,0,242.0623,0.09907822,1.018,-42.06,15.7014,0.001,2817.0,228257,3435m182,1426,PSF,343.5306219531908,-18.1452355066592,0.041254602,226.96355,0,164.58588,157.77187,1.7501761,0,1.4892933,1.0735562,0.0,0.0,0.0,0.0,0.0,0.0,0.0,0.0,16.61011,inf,16.959019,17.004927,19.128977,19.783329,,,inf,inf,inf,-0.045907974,343.53,-18.1451944,210,1,22 54 07.20,-18 08 42.7,0.0,,19.6201,18.6745,Simbad,2.1328251004972207
344.7171,701.4479,343.5708469,-18.1561412,343.570792,-18.1561086,13.729,4.81,0,10.98033,0.09907822,1.103,82.9,16.3807,0.0062,301.2,228257,3435m182,2115,REX,343.5708158779337,-18.15614840085374,0.041407283,61.617725,0,108.37445,122.36076,1.7501761,0,1.4892933,1.0735562,1.0,0.0,3.5562956,26048.707,0.0,0.0,0.0,0.0,18.025736,inf,17.412683,17.280895,18.020082,18.683634,23.46496,,inf,inf,inf,0.13178825,343.571,-18.1568056,210,4,22 54 17.04,-18 09 24.5,0.0323,,19.6701,19.1179,Simbad,2.448317037935245
652.1814,652.5903,343.5472579,-18.1596421,343.547244,-18.1596719,5.437,3.67,0,64.97411,0.09948345,1.053,-53.2,16.0815,0.0022,973.1,228257,3435m182,1697,REX,343.547251313443,-18.15967245883559,0.041308858,71.29606,0,124.7686,140.49216,1.7501761,0,1.4892933,1.0735562,1.0,0.0,0.9749851,660260.4,0.0,0.0,0.0,0.0,17.867336,inf,17.259737,17.130869,17.40784,17.78724,15.505573,15.927802,inf,inf,inf,0.1288681,343.547,-18.1595,210,3,22 54 11.28,-18 09 34.2,0.0,,19.6361,19.4685,Simbad,1.0604160707039947
872.1631,549.4461,343.5304855,-18.1672146,343.5303964,-18.1671821,12.251,4.16,0,16.12137,0.0995845,1.324,7.9,16.147,0.0043,414.8,228257,3435m182,1413,PSF,343.5297608193605,-18.16650134997333,0.04122905,0.38522124,0,0.13485822,0.16208068,1.7501761,0,1.4577476,1.0735562,0.0,0.0,0.0,0.0,0.0,0.0,0.0,0.0,23.535725,inf,24.675306,24.475672,,,19.288181,14.628836,inf,inf,inf,0.19963455,343.53,-18.1668889,210,2,22 54 07.20,-18 10 00.8,0.0,,19.5058,19.6169,Simbad,1.6173633022074334
