X_IMAGE,Y_IMAGE,ALPHAPEAK_J2000,DELTAPEAK_J2000,ALPHA_SKY,DELTA_SKY,FLUX_RADIUS,KRON_RADIUS,FLAGS,FLUX_APER,FLUXERR_APER,ELONGATION,THETA_IMAGE,MAG_AUTO,MAGERR_AUTO,SNR_WIN,brickid,brickname,objid,type,ra,dec,ebv,flux_g,flux_r,flux_i,flux_z,psfsize_g,psfsize_r,psfsize_i,psfsize_z,sersic,sersic_ivar,shape_r,shape_r_ivar,shape_e1,shape_e1_ivar,shape_e2,shape_e2_ivar,mag_g,mag_r,mag_i,mag_z,mag_w1,mag_w2,mag_w3,mag_w4,g_r,r_i,r_z,i_z,_RAJ2000,_DEJ2000,Group,Gal,RAJ2000,DEJ2000,zmemb,gmemb,FUV,NUV,Simbad,Separation
723.0333,654.801,210.5733173,7.6841469,210.5732414,7.6840596,37.404,3.5,0,554.0198,0.04733166,2.853,-46.67,12.0609,0.0002,12490.0,375745,2106p077,1714,SER,210.573276542639,7.684171694062453,0.02662219,3617.0972,7255.3096,10103.709,12525.854,1.4072124,1.367486,1.3356107,1.1611834,4.489242,1090947.9,31.085192,65109.438,-0.020096136,68404664.0,0.39370373,113508450.0,13.604099,12.84836,12.488798,12.255482,12.614289,12.962553,10.519492,9.399941,0.7557392,0.35956192,0.59287834,0.23331642,210.5730833,7.6841944,253,3,14 02 17.54,+07 41 03.1,0.015217,,18.9626,17.7862,Simbad,0.6942553504591666
343.8336,686.053,210.6010034,7.6863267,210.6010891,7.6863305,11.107,3.5,0,49.5163,0.04733166,1.104,-15.28,15.2252,0.0008,2304.0,375745,2106p077,2401,SER,210.6010388487812,7.686369832869035,0.026706656,129.93553,271.7386,386.88916,483.12283,1.919373,1.7249266,1.2372466,1.122798,1.4109162,113855.01,3.545675,140934.73,-0.17982225,3104705.0,0.034892965,1610934.1,17.215681,16.414621,16.031034,15.789856,16.125261,16.2911,15.047749,,0.8010597,0.38358688,0.6247654,0.24117851,210.601125,7.6865278,253,5,14 02 24.27,+07 41 11.5,0.136922,,19.7228,19.2877,Simbad,0.6464267921408178
916.7502,787.2526,210.5589242,7.6936819,210.559016,7.6937003,9.952,3.66,2,15.76535,0.04733166,1.157,64.09,16.5368,0.0025,764.2,375745,2106p077,1395,SER,210.5589412819582,7.693671341597323,0.026630571,54.186592,85.197975,107.57657,121.86112,1.3544796,1.3260982,1.2418629,1.2037889,1.3030754,39479.75,2.934046,71520.04,0.09673893,980732.44,-0.022957657,426270.88,18.16527,17.673927,17.420706,17.285337,18.068031,18.532871,18.249502,,0.49134254,0.2532215,0.38858986,0.13536835,210.559125,7.6938611,253,1,14 02 14.19,+07 41 37.9,0.0,,19.799,19.4438,Simbad,0.9467083762044755
