X_IMAGE,Y_IMAGE,ALPHAPEAK_J2000,DELTAPEAK_J2000,ALPHA_SKY,DELTA_SKY,FLUX_RADIUS,KRON_RADIUS,FLAGS,FLUX_APER,FLUXERR_APER,ELONGATION,THETA_IMAGE,MAG_AUTO,MAGERR_AUTO,SNR_WIN,brickid,brickname,objid,type,ra,dec,ebv,flux_g,flux_r,flux_i,flux_z,psfsize_g,psfsize_r,psfsize_i,psfsize_z,sersic,sersic_ivar,shape_r,shape_r_ivar,shape_e1,shape_e1_ivar,shape_e2,shape_e2_ivar,mag_g,mag_r,mag_i,mag_z,mag_w1,mag_w2,mag_w3,mag_w4,g_r,r_i,r_z,i_z,_RAJ2000,_DEJ2000,Group,Gal,RAJ2000,DEJ2000,zmemb,gmemb,FUV,NUV,Simbad,Separation
713.1746,837.6655,327.6993136,-61.7303079,327.6992864,-61.7302595,10.115,4.09,2,8.872482,0.03201966,1.248,-61.01,17.1515,0.0033,606.5,40032,3277m617,5247,SER,327.6992817943159,-61.73029127171835,0.034569897,35.598164,47.898808,52.197964,55.69636,1.4691949,1.3264925,1.215348,1.1843946,1.3753173,45102.79,3.0117474,84413.1,0.15351078,981918.5,0.11659744,787720.8,18.621431,18.299189,18.205866,18.135433,19.019907,19.190008,,,0.32224274,0.093322754,0.16375542,0.07043266,327.698,-61.7303056,193,2,21 50 47.52,-61 43 49.1,0.0,,19.5973,19.4493,Simbad,2.186120670405078
643.4105,645.4446,327.7101811,-61.7441895,327.7101183,-61.74423,7.453,3.5,0,127.5061,0.03201965,1.805,-9.49,14.7564,0.0003,7460.0,40032,3277m617,5471,SER,327.709980066331,-61.74423853155358,0.03462189,90.9745,207.44452,293.6313,393.7759,1.4250953,1.2820534,1.1962898,1.173705,1.189994,630872.25,2.5544782,1616288.5,-0.4324477,23907554.0,0.3622223,22717996.0,17.602701,16.707745,16.330494,16.011877,15.704653,15.891159,13.35247,,0.8949566,0.37725067,0.69586754,0.31861687,327.71,-61.7441111,193,4,21 50 50.40,-61 44 38.8,0.0,,19.7403,19.1235,Simbad,0.46000976529751075
650.3511,914.0515,327.7089496,-61.7246871,327.7088956,-61.7246835,7.512,3.5,0,21.0763,0.03201966,2.502,80.14,16.8876,0.0017,1044.0,40032,3277m617,5442,SER,327.7088866696533,-61.72467840426133,0.0345658,44.862595,64.52549,74.64212,82.236435,1.4691949,1.3264925,1.215348,1.1843946,1.7411076,53594.586,3.105618,810339.5,0.55968267,4061344.8,-0.20714198,2799485.0,18.370289,17.975672,17.81754,17.71234,18.189697,18.731148,,,0.39461708,0.15813255,0.26333237,0.10519981,327.709,-61.7246944,193,3,21 50 50.16,-61 43 28.9,0.0,,20.1828,19.8982,Simbad,0.20166445126427074
