X_IMAGE,Y_IMAGE,ALPHAPEAK_J2000,DELTAPEAK_J2000,ALPHA_SKY,DELTA_SKY,FLUX_RADIUS,KRON_RADIUS,FLAGS,FLUX_APER,FLUXERR_APER,ELONGATION,THETA_IMAGE,MAG_AUTO,MAGERR_AUTO,SNR_WIN,brickid,brickname,objid,type,ra,dec,ebv,flux_g,flux_r,flux_i,flux_z,psfsize_g,psfsize_r,psfsize_i,psfsize_z,sersic,sersic_ivar,shape_r,shape_r_ivar,shape_e1,shape_e1_ivar,shape_e2,shape_e2_ivar,mag_g,mag_r,mag_i,mag_z,mag_w1,mag_w2,mag_w3,mag_w4,g_r,r_i,r_z,i_z,_RAJ2000,_DEJ2000,Group,Gal,RAJ2000,DEJ2000,zmemb,gmemb,FUV,NUV,Simbad,Separation
655.0479,355.1565,340.1375539,-38.3929636,340.1375495,-38.3929522,9.89,3.5,0,51.11255,0.07193577,1.869,-83.86,15.5389,0.0015,1233.0,125843,3400m385,4543,DUP,340.1375406611667,-38.39294847847415,0.01629099,0.0,0,0.0,0.0,0.0,0,1.2414148,1.2919464,0.0,0.0,0.0,0.0,0.0,0.0,0.0,0.0,inf,inf,inf,inf,inf,inf,inf,inf,,,,,340.138,-38.3926944,207,3,22 40 33.12,-38 23 33.7,0.101173,,19.6866,19.6702,Simbad,1.5863211620191577
567.0454,627.6432,340.1457192,-38.3730941,340.145715,-38.37312,2.323,3.5,0,22.91741,0.07186277,1.017,-58.04,18.4488,0.0067,363.9,126977,3401m382,1595,PSF,340.1456893216682,-38.37311132542154,0.016606225,0.0,0,17.311054,25.569145,0.0,0,1.2502578,1.2651739,0.0,0.0,0.0,0.0,0.0,0.0,0.0,0.0,inf,inf,19.404192,18.98071,19.47385,19.60505,19.118883,16.194994,,inf,inf,0.4234829,340.146,-38.3728889,207,4,22 40 35.04,-38 22 22.4,0.0,,19.9937,20.3893,Simbad,1.1874445364461226
802.9612,877.0802,340.1238111,-38.3549017,340.1238147,-38.3549686,19.174,4.89,0,10.92383,0.07171656,1.318,62.09,16.1382,0.0049,377.4,126977,3401m382,1335,SER,340.1238221669248,-38.35494460152693,0.01648748,0.0,0,245.30385,277.8,0.0,0,1.2502578,1.2651739,1.9688342,3375.275,9.4672365,547.1213,0.08669183,95608.33,-0.14146858,113340.44,inf,inf,16.52574,16.390669,17.024937,17.735447,16.398855,,,inf,inf,0.1350708,340.124,-38.3548889,207,1,22 40 29.76,-38 21 17.6,0.0,,19.9854,19.2929,Simbad,0.5405989011285078
737.7924,886.392,340.1298436,-38.3542465,340.1298628,-38.3542908,14.164,3.91,0,35.09401,0.0717897,2.437,48.37,15.3474,0.0018,1034.0,126977,3401m382,1394,SER,340.129834204093,-38.35421735647675,0.016512714,0.0,0,368.73892,448.3267,0.0,0,1.2502578,1.2651739,1.5543483,28003.094,6.110004,16634.303,-0.025533026,570018.5,-0.4365147,1059957.8,inf,inf,16.083202,15.871014,16.195091,16.690065,15.312083,14.524448,,inf,inf,0.21218872,340.13,-38.3545,207,2,22 40 31.20,-38 21 16.2,0.0,,19.559,19.3516,Simbad,1.1200068283177564
