X_IMAGE,Y_IMAGE,ALPHAPEAK_J2000,DELTAPEAK_J2000,ALPHA_SKY,DELTA_SKY,FLUX_RADIUS,KRON_RADIUS,FLAGS,FLUX_APER,FLUXERR_APER,ELONGATION,THETA_IMAGE,MAG_AUTO,MAGERR_AUTO,SNR_WIN,brickid,brickname,objid,type,ra,dec,ebv,flux_g,flux_r,flux_i,flux_z,psfsize_g,psfsize_r,psfsize_i,psfsize_z,sersic,sersic_ivar,shape_r,shape_r_ivar,shape_e1,shape_e1_ivar,shape_e2,shape_e2_ivar,mag_g,mag_r,mag_i,mag_z,mag_w1,mag_w2,mag_w3,mag_w4,g_r,r_i,r_z,i_z,_RAJ2000,_DEJ2000,Group,Gal,RAJ2000,DEJ2000,zmemb,gmemb,FUV,NUV,Simbad,Separation
627.3159,650.9348,97.2223551,-69.6973675,97.2220781,-69.6974446,25.353,3.5,3,59.59574,0.0399546,1.439,25.99,13.7539,0.0004,4544.0,20599,0971m697,3416,DUP,97.22231387110172,-69.69733218703982,0.08792646,0.0,0.0,0.0,0.0,1.472254,1.2814932,1.508699,1.2857947,0.0,0.0,0.0,0.0,0.0,0.0,0.0,0.0,inf,inf,inf,inf,inf,inf,inf,inf,,,,,97.2229167,-69.6971944,72,3,06 28 53.50,-69 41 49.9,0.03368,,17.1027,16.566,Simbad,0.9017068770501021
880.713,888.6005,97.1691397,-69.680027,97.1691994,-69.6800562,7.155,3.5,3,169.0403,0.04015877,1.172,-1.83,14.7851,0.0004,6036.0,20599,0971m697,1798,PSF,97.1692056347346,-69.68004711238932,0.0878031,87.01332,146.70758,194.58356,198.32031,1.4129912,1.2607547,1.5956968,1.296087,0.0,0.0,0.0,0.0,0.0,0.0,0.0,0.0,17.651035,17.083868,16.777235,16.756582,inf,inf,inf,inf,0.5671673,0.306633,0.32728577,0.020652771,97.1695833,-69.6801111,72,1,06 28 40.70,-69 40 48.4,0.0,,19.315,18.3971,Simbad,0.5253335470932122
621.8455,815.5078,97.2231411,-69.6853603,97.2233817,-69.6854693,20.846,3.5,3,43.56022,0.0399546,1.8,-85.1,14.4024,0.0006,3073.0,20599,0971m697,2038,SER,97.22345319052988,-69.68528612598803,0.08825557,476.29315,742.1059,870.42395,998.2454,1.4145927,1.2474364,1.508699,1.2857947,2.1297116,679309.3,10.211431,100299.87,0.23395057,14122252.0,0.25939217,14038187.0,15.805314,15.323835,15.150673,15.001906,inf,inf,inf,inf,0.4814787,0.17316246,0.32192898,0.14876652,97.2234167,-69.6858056,72,4,06 28 53.62,-69 41 08.9,0.0,,18.1227,17.5059,Simbad,1.8706624682313515
