X_IMAGE,Y_IMAGE,ALPHAPEAK_J2000,DELTAPEAK_J2000,ALPHA_SKY,DELTA_SKY,FLUX_RADIUS,KRON_RADIUS,FLAGS,FLUX_APER,FLUXERR_APER,ELONGATION,THETA_IMAGE,MAG_AUTO,MAGERR_AUTO,SNR_WIN,brickid,brickname,objid,type,ra,dec,ebv,flux_g,flux_r,flux_i,flux_z,psfsize_g,psfsize_r,psfsize_i,psfsize_z,sersic,sersic_ivar,shape_r,shape_r_ivar,shape_e1,shape_e1_ivar,shape_e2,shape_e2_ivar,mag_g,mag_r,mag_i,mag_z,mag_w1,mag_w2,mag_w3,mag_w4,g_r,r_i,r_z,i_z,_RAJ2000,_DEJ2000,Group,Gal,RAJ2000,DEJ2000,zmemb,gmemb,FUV,NUV,Simbad,Separation
810.5554,909.3851,319.3412583,-35.9002104,319.341478,-35.9004007,17.985,3.5,0,92.45019,0.02959033,1.899,21.57,13.6767,0.0002,9204.0,137284,3194m360,5234,DUP,319.3413486550888,-35.90026721640999,0.068159506,0.0,0.0,0.0,0,1.4264864,1.1223618,1.620342,0,0.0,0.0,0.0,0.0,0.0,0.0,0.0,0.0,inf,inf,inf,inf,inf,inf,inf,inf,,,,,319.342,-35.9005,189,1,21 17 22.08,-35 54 01.8,0.029797,,17.0391,16.6342,Simbad,2.076063139840128
651.7363,668.6324,319.3555537,-35.9178181,319.3557572,-35.9179176,9.669,3.56,0,17.1858,0.02956031,1.532,41.9,16.3194,0.0013,1487.0,137284,3194m360,705,EXP,319.3556826032616,-35.91792837255518,0.06756172,119.17895,0.0,169.40407,0,1.3412751,0.0,1.8442439,0,1.0,0.0,3.0278568,90814.88,-0.049593154,955604.1,-0.38941655,1607479.9,17.309502,inf,16.92769,inf,18.103815,18.589811,15.297462,12.367573,inf,inf,,inf,319.356,-35.9178889,189,3,21 17 25.44,-35 55 04.4,0.0,,19.1945,18.552,Simbad,0.9362141002849571
722.3412,612.4223,319.3493551,-35.9220414,319.3494143,-35.9220106,9.215,3.51,0,18.11177,0.02959033,1.111,33.76,16.3568,0.0013,1505.0,137284,3194m360,613,REX,319.3494413525481,-35.92204608091316,0.06756886,105.66909,0.0,155.93915,0,1.3412751,0.0,1.8442439,0,1.0,0.0,2.0673845,1131285.5,0.0,0.0,0.0,0.0,17.44013,inf,17.017612,inf,17.314653,17.731377,15.507039,14.373895,inf,inf,,inf,319.35,-35.9218889,189,2,21 17 24.00,-35 55 18.8,0.0,,19.0916,18.8092,Simbad,1.7241462277077835
587.2432,557.9821,319.3614901,-35.9261124,319.3615581,-35.9259681,10.227,4.02,0,19.29918,0.02956031,1.545,-10.54,16.0448,0.0013,1755.0,137284,3194m360,801,SER,319.3614926524389,-35.92601140014751,0.0671943,157.44913,599.2981,206.9483,0,1.3412751,0.0,1.8442439,0,1.3107423,56527.145,2.9467578,127395.16,-0.21967605,1740365.2,0.06170259,1063245.4,17.007149,15.555893,16.710346,inf,17.213556,17.598465,15.897469,14.187923,1.4512558,-1.1544533,inf,inf,319.362,-35.9258889,189,4,21 17 26.88,-35 55 33.2,0.0,,19.0757,18.3641,Simbad,1.5433634581834392
