X_IMAGE,Y_IMAGE,ALPHAPEAK_J2000,DELTAPEAK_J2000,ALPHA_SKY,DELTA_SKY,FLUX_RADIUS,KRON_RADIUS,FLAGS,FLUX_APER,FLUXERR_APER,ELONGATION,THETA_IMAGE,MAG_AUTO,MAGERR_AUTO,SNR_WIN,brickid,brickname,objid,type,ra,dec,ebv,flux_g,flux_r,flux_i,flux_z,psfsize_g,psfsize_r,psfsize_i,psfsize_z,sersic,sersic_ivar,shape_r,shape_r_ivar,shape_e1,shape_e1_ivar,shape_e2,shape_e2_ivar,mag_g,mag_r,mag_i,mag_z,mag_w1,mag_w2,mag_w3,mag_w4,g_r,r_i,r_z,i_z,_RAJ2000,_DEJ2000,Group,Gal,RAJ2000,DEJ2000,zmemb,gmemb,FUV,NUV,Simbad,Separation
728.8102,357.8816,206.8475113,-30.4500406,206.8477807,-30.4499037,9.514,6.36,0,1.403757,0.03599886,1.535,-47.93,19.1356,0.0185,91.01,163468,2067m305,14546,EXP,206.8481466589208,-30.45043062411352,0.062044963,0.3355645,0.26402643,0.36903134,0.30044577,1.1479062,1.8880779,1.1224748,1.2711387,1.0,0.0,0.7817709,1420.9489,0.46864304,877.64703,0.058137573,801.09564,23.68556,23.94588,23.582342,23.805584,,,,13.10445,-0.26032066,0.36353874,0.14029694,-0.2232418,206.848,-30.4503889,145,2,13 47 23.52,-30 27 01.4,0.0,,18.1038,16.7968,Simbad,0.47929293916077775
738.3961,806.3044,206.8465975,-30.4177997,206.8469863,-30.4172683,23.793,3.5,3,87.5054,0.03588894,1.912,-24.13,12.5762,0.0001,15950.0,163468,2067m305,14440,SER,206.8466074175502,-30.41780103842428,0.06312872,1392.5493,2921.0693,4079.4382,5123.7656,1.1514988,1.9042513,1.1224748,1.269121,2.6899676,8117890.5,8.440585,3279662.2,-0.10470708,380337380.0,0.26604262,537404100.0,14.640473,13.836145,13.473499,13.226027,13.798053,14.376836,15.180033,14.712571,0.80432796,0.3626461,0.61011887,0.24747276,206.847,-30.4176111,145,1,13 47 23.28,-30 25 03.4,0.014377,,18.9583,18.1616,Simbad,1.3974781603512465
