X_IMAGE,Y_IMAGE,ALPHAPEAK_J2000,DELTAPEAK_J2000,ALPHA_SKY,DELTA_SKY,FLUX_RADIUS,KRON_RADIUS,FLAGS,FLUX_APER,FLUXERR_APER,ELONGATION,THETA_IMAGE,MAG_AUTO,MAGERR_AUTO,SNR_WIN,brickid,brickname,objid,type,ra,dec,ebv,flux_g,flux_r,flux_i,flux_z,psfsize_g,psfsize_r,psfsize_i,psfsize_z,sersic,sersic_ivar,shape_r,shape_r_ivar,shape_e1,shape_e1_ivar,shape_e2,shape_e2_ivar,mag_g,mag_r,mag_i,mag_z,mag_w1,mag_w2,mag_w3,mag_w4,g_r,r_i,r_z,i_z,_RAJ2000,_DEJ2000,Group,Gal,RAJ2000,DEJ2000,zmemb,gmemb,FUV,NUV,Simbad,Separation
586.7068,741.5923,330.6317745,-22.8903672,330.6317187,-22.8903969,15.993,3.5,0,102.5149,0.0294508,1.681,-17.85,14.7682,0.0005,4014.0,202549,3305m230,13251,DUP,330.6317468517943,-22.89038742930997,0.0270903,0.0,0.0,0.0,0.0,1.429102,1.2787747,1.168833,1.050034,0.0,0.0,0.0,0.0,0.0,0.0,0.0,0.0,inf,inf,inf,inf,inf,inf,inf,inf,,,,,330.632,-22.8906111,195,3,22 02 31.68,-22 53 26.2,0.069838,,19.7275,19.4138,Simbad,1.163289021530419
900.9907,795.9623,330.6068924,-22.8864259,330.6068931,-22.8864286,9.436,3.5,0,141.5448,0.02954081,1.281,-52.56,14.5239,0.0003,7976.0,202549,3305m230,13250,DUP,330.6068842176135,-22.88645268623148,0.027908985,0.0,0.0,0.0,0.0,1.429102,1.2787747,1.1443503,1.050034,0.0,0.0,0.0,0.0,0.0,0.0,0.0,0.0,inf,inf,inf,inf,inf,inf,inf,inf,,,,,330.607,-22.8866111,195,1,22 02 25.68,-22 53 11.8,0.07177,,19.5144,19.0055,Simbad,0.6875237154303228
854.8526,620.4922,330.6105185,-22.8992366,330.6105301,-22.8992008,7.54,3.5,0,54.73545,0.02930015,1.406,54.4,15.4661,0.0005,4221.0,202549,3305m230,7963,PSF,330.6109404193102,-22.8997735568555,0.028184885,2.1270082,2.4303439,2.289518,2.3301795,1.429102,1.2787747,1.1671641,1.050034,0.0,0.0,0.0,0.0,0.0,0.0,0.0,0.0,21.680576,21.535831,21.60064,21.581526,21.227863,22.018887,,15.855842,0.14474487,-0.06480789,-0.04569435,0.01911354,330.611,-22.8993889,195,2,22 02 26.64,-22 53 57.8,0.0,,19.9665,19.2097,Simbad,1.3987900093864887
420.288,602.3463,330.6448057,-22.9005605,330.644862,-22.9005353,11.683,3.5,0,12.7215,0.02930015,1.1,-72.57,16.2323,0.0013,1381.0,202549,3305m230,9502,REX,330.6448439367783,-22.90050394610396,0.026839491,72.31813,118.60847,144.60512,167.13072,1.429102,1.2787747,1.168833,1.050034,1.0,0.0,3.4515212,542302.7,0.0,0.0,0.0,0.0,17.851883,17.31471,17.09954,16.94236,17.387823,17.625452,16.526745,15.492929,0.5371723,0.2151699,0.3723507,0.15718079,330.645,-22.9006944,195,4,22 02 34.80,-22 54 02.5,0.0,,20.0246,19.5405,Simbad,0.8590383840492961
